Slide #,Title,Content Summary
1,Cover Slide,Logo, tagline: “The Global Growth OS”, founder name
2,Problem,&quot;Innovation is too slow, fragmented, and exclusive.&quot;
3,Solution,Introduce SynergyNet AI – the universal growth catalyst
4,Market Opportunity,$100B+ in global innovation tools, education, and VC markets
5,Product Demo (Mockup),Screenshots of business planner, investor matcher, skill accelerator
6,How It Works,Flowchart: User inputs → AI generates plan → connects resources
7,AI & Tech Stack,GPT-5 / Llama 3, FastAPI, React, Polygon blockchain
8,Traction,MVP timeline, early users, partnerships
9,Business Model,Freemium + Pro tiers + Token economy
10,Tokenomics,$GROWTH token use cases and distribution model
11,Roadmap,Q3 2024 MVP → Q1 2025 Global Expansion → Token Launch
12,Team,Founders, advisors, future hires
13,Ask,Raise $2M–$5M at $20M cap for product, compliance, marketing
14,Closing Slide,Vision statement + contact info
